{"entities":{"pages":{"Destination":{"id":"Destination","title":"Destination","url":"destination.html","level":0,"pages":["Delete-Destinations","Get-Destinations","Create-Destination","Update-Destination"],"tabIndex":0},"Delete-Destinations":{"id":"Delete-Destinations","title":"Delete Destinations","url":"delete-destinations.html","level":1,"parentId":"Destination","tabIndex":0},"Get-Destinations":{"id":"Get-Destinations","title":"Get Destinations","url":"get-destinations.html","level":1,"parentId":"Destination","tabIndex":1},"Create-Destination":{"id":"Create-Destination","title":"Create Destination","url":"create-destination.html","level":1,"parentId":"Destination","tabIndex":2},"Update-Destination":{"id":"Update-Destination","title":"Update Destination","url":"update-destination.html","level":1,"parentId":"Destination","tabIndex":3},"Cargo":{"id":"Cargo","title":"Cargo","url":"cargo.html","level":0,"pages":["Update-Cargo"],"tabIndex":1},"Update-Cargo":{"id":"Update-Cargo","title":"Update-Cargo","url":"update-cargo.html","level":1,"parentId":"Cargo","tabIndex":0},"BL":{"id":"BL","title":"BL","url":"bl.html","level":0,"pages":["Create-BLs","Get-BLs"],"tabIndex":2},"Create-BLs":{"id":"Create-BLs","title":"Create-BLs","url":"create-bls.html","level":1,"parentId":"BL","tabIndex":0},"Get-BLs":{"id":"Get-BLs","title":"Get-BLs","url":"get-bls.html","level":1,"parentId":"BL","tabIndex":1},"Operation":{"id":"Operation","title":"Operation","url":"operation.html","level":0,"pages":["Get-one-operation","Delete-operation","Update-operation","Create-operation","Get-operations"],"tabIndex":3},"Get-one-operation":{"id":"Get-one-operation","title":"Get-one-operation","url":"get-one-operation.html","level":1,"parentId":"Operation","tabIndex":0},"Delete-operation":{"id":"Delete-operation","title":"Delete-operation","url":"delete-operation.html","level":1,"parentId":"Operation","tabIndex":1},"Update-operation":{"id":"Update-operation","title":"Update-operation","url":"update-operation.html","level":1,"parentId":"Operation","tabIndex":2},"Create-operation":{"id":"Create-operation","title":"Create-operation","url":"create-operation.html","level":1,"parentId":"Operation","tabIndex":3},"Get-operations":{"id":"Get-operations","title":"Get-operations","url":"get-operations.html","level":1,"parentId":"Operation","tabIndex":4},"Lot":{"id":"Lot","title":"Lot","url":"lot.html","level":0,"pages":["Create-Lot","Get-Lot"],"tabIndex":4},"Create-Lot":{"id":"Create-Lot","title":"Create-Lot","url":"create-lot.html","level":1,"parentId":"Lot","tabIndex":0},"Get-Lot":{"id":"Get-Lot","title":"Get-Lot","url":"get-lot.html","level":1,"parentId":"Lot","tabIndex":1},"Plan":{"id":"Plan","title":"Plan","url":"plan.html","level":0,"pages":["Get-one-Plan","Delete-Plans","Update-Plan","Create-Plan","Get-Plans"],"tabIndex":5},"Get-one-Plan":{"id":"Get-one-Plan","title":"Get-one-Plan","url":"get-one-plan.html","level":1,"parentId":"Plan","tabIndex":0},"Delete-Plans":{"id":"Delete-Plans","title":"Delete-Plans","url":"delete-plans.html","level":1,"parentId":"Plan","tabIndex":1},"Update-Plan":{"id":"Update-Plan","title":"Update-Plan","url":"update-plan.html","level":1,"parentId":"Plan","tabIndex":2},"Create-Plan":{"id":"Create-Plan","title":"Create-Plan","url":"create-plan.html","level":1,"parentId":"Plan","tabIndex":3},"Get-Plans":{"id":"Get-Plans","title":"Get-Plans","url":"get-plans.html","level":1,"parentId":"Plan","tabIndex":4}}},"topLevelIds":["Destination","Cargo","BL","Operation","Lot","Plan"]}